{
  "fit_raw": {
    "A_beta_deg": 43.229730696870966,
    "A_phi_rad": 0.8321928848727257,
    "C_beta_deg": 56.378321393535295,
    "C_phi_rad": 1.5607695342007,
    "fore": {
      "A_beta_deg": 43.229730696870966,
      "A_phi_rad": 0.8321928848727257,
      "C_beta_deg": 56.378321393535295,
      "C_phi_rad": 1.5607695342007,
      "psi_beta_rad": -2.906002617814314,
      "psi_phi_rad": 1.936739558781518
    },
    "hind": {
      "A_beta_deg": 44.05557852514937,
      "A_phi_rad": 0.8663126457453326,
      "C_beta_deg": 66.04224302027691,
      "C_phi_rad": 1.5190514352996243,
      "psi_beta_rad": -2.538593091992049,
      "psi_phi_rad": 2.3264171260504534
    },
    "psi_beta_rad": -2.906002617814314,
    "psi_phi_rad": 1.936739558781518
  },
  "nondimensionalization": {
    "definitions": {
      "lambda": "L_wing / L",
      "mu": "rho_air * wing_surface_area * L_wing / m",
      "omega": "2*pi*f*sqrt(L/g)",
      "time_scale": "sqrt(L/g)"
    },
    "derived": {
      "body_length_m": 0.05,
      "body_mass_kg": 0.0003,
      "force_prefactor_per_wing": 0.04083333333333334,
      "lambda_nondim": 0.7999999999999999,
      "mu_nondim": 0.06533333333333334,
      "omega_nondim": 14.982242894657686,
      "time_scale_s": 0.07139215614635322,
      "wing_area_m2": 0.00039999999999999996,
      "wing_length_m": 0.04
    },
    "physical_inputs": {
      "body_length_mm": 50.0,
      "body_mass_mg": 300.0,
      "frequency_hz": 33.4,
      "gravity_m_s2": 9.81,
      "rho_air_kg_m3": 1.225,
      "wing_area_mm2": 400.0,
      "wing_length_mm": 40.0
    }
  },
  "physical_reference": {
    "f_phys_hz": 33.4,
    "mass_body_kg": 0.0003,
    "mg_newton": 0.002943,
    "omega_phys_rad_s": 209.85838925979817
  },
  "simulator_mapping": {
    "method": {
      "fit_model": "C + A*cos(2*pi*t + psi)",
      "fore_hind_fitted_independently": true,
      "n_harmonics": 1
    },
    "notes": [
      "Fore and hind wing kinematics are fitted independently from raw experimental traces.",
      "Stroke-plane angle uses per-wing values (fore and hind are not averaged in wing overrides).",
      "Wing phase offsets are zero; phase is represented directly in per-wing harmonic coefficients."
    ],
    "parameters": {
      "gamma_mean": 2.295107966372543,
      "n_harmonics": 1,
      "omega": 14.982242894657686,
      "phi_mean": 0.030885842044734435,
      "psi_mean": 0.5024753662094841
    },
    "source": "per_wing_sinusoid_fit",
    "wing_motion_overrides": {
      "fore": {
        "gamma_cos": [
          0.0
        ],
        "gamma_mean": 2.2165681500327983,
        "gamma_sin": [
          0.0
        ],
        "phi_cos": [
          0.2977837722062374
        ],
        "phi_mean": 0.010026792594196587,
        "phi_sin": [
          0.7770906141779177
        ],
        "psi_cos": [
          0.7336593893576319
        ],
        "psi_mean": 0.5868089917301479,
        "psi_sin": [
          -0.1761132128594141
        ]
      },
      "hind": {
        "gamma_cos": [
          0.0
        ],
        "gamma_mean": 2.373647782712288,
        "gamma_sin": [
          0.0
        ],
        "phi_cos": [
          0.5940657942046014
        ],
        "phi_mean": 0.05174489149527228,
        "phi_sin": [
          0.6305421733193858
        ],
        "psi_cos": [
          0.6333077024285438
        ],
        "psi_mean": 0.41814174068882015,
        "psi_sin": [
          -0.4360636148041971
        ]
      }
    },
    "wing_parameters": {
      "lb0_lambda": 0.7999999999999999,
      "mu0_mu": 0.06533333333333334
    },
    "wing_phase_offsets": {
      "fore": 0.0,
      "hind": 0.0
    }
  },
  "simulator_mapping_smoothed": {
    "method": {
      "n_harmonics": 7,
      "series_basis": "least_squares in cos(k*2*pi*t) + sin(k*2*pi*t)",
      "smoothing": "fourier_truncation"
    },
    "notes": [
      "Fore/hind kinematics are fit independently from Fourier-smoothed experimental s and beta traces.",
      "Wing phase is encoded directly in per-wing harmonic coefficients, so wing phase offsets are zero."
    ],
    "parameters": {
      "gamma_mean": 2.295107966372543,
      "n_harmonics": 7,
      "omega": 14.982242894657686,
      "phi_mean": 0.03140010749882355,
      "psi_mean": 0.5022573711041692
    },
    "source": "smoothed_experimental_data",
    "wing_motion_overrides": {
      "fore": {
        "gamma_cos": [
          0.0,
          0.0,
          0.0,
          0.0,
          0.0,
          0.0,
          0.0
        ],
        "gamma_mean": 2.2165681500327983,
        "gamma_sin": [
          0.0,
          0.0,
          0.0,
          0.0,
          0.0,
          0.0,
          0.0
        ],
        "phi_cos": [
          0.29856840828931025,
          -0.004361735640069983,
          -0.05624628017110674,
          -0.012143229347953515,
          0.009590863352108549,
          0.0018448423847681685,
          -0.0002492468571127038
        ],
        "phi_mean": 0.010604464765237702,
        "phi_sin": [
          0.7757073573200586,
          0.09465193423462011,
          -0.007677595092275062,
          -0.01367103623091091,
          -0.006909111576853401,
          0.003270812635741681,
          0.00428011373655766
        ],
        "psi_cos": [
          0.7333662500747754,
          -0.0023196104690919855,
          -0.15194530700844924,
          0.03217221787665699,
          0.03556816321776644,
          -0.017295125855836774,
          -0.014829260053647842
        ],
        "psi_mean": 0.5871484033593509,
        "psi_sin": [
          -0.17588506450864452,
          0.018276907376141398,
          0.03639600621269641,
          0.014226415421621804,
          -0.015821653692026438,
          -0.002567223165227064,
          -0.0057126038847349105
        ]
      },
      "hind": {
        "gamma_cos": [
          0.0,
          0.0,
          0.0,
          0.0,
          0.0,
          0.0,
          0.0
        ],
        "gamma_mean": 2.373647782712288,
        "gamma_sin": [
          0.0,
          0.0,
          0.0,
          0.0,
          0.0,
          0.0,
          0.0
        ],
        "phi_cos": [
          0.5942179056240121,
          0.08263167333892502,
          -0.028277183871524593,
          -0.017202779542872578,
          -0.01668182943608863,
          -0.011046600752066116,
          -0.004688592407693831
        ],
        "phi_mean": 0.052195750232409396,
        "phi_sin": [
          0.6293352656461227,
          0.10784670282834877,
          0.060820475389999504,
          0.02409434482705228,
          0.005136538421612061,
          -0.001505804795596738,
          -0.004622154433531029
        ],
        "psi_cos": [
          0.6309209485808192,
          0.21780322974490846,
          0.023309397258871104,
          -0.025096494692881076,
          -0.049465537827542524,
          0.0024510453252304513,
          0.018191404234868334
        ],
        "psi_mean": 0.4173663388489875,
        "psi_sin": [
          -0.43551269749046206,
          -0.09182222353789042,
          0.07857685344069082,
          0.017726103874114687,
          0.006397348099934374,
          -0.002766498309243457,
          -0.0022514102969698043
        ]
      }
    },
    "wing_parameters": {
      "lb0_lambda": 0.7999999999999999,
      "mu0_mu": 0.06533333333333334
    },
    "wing_phase_offsets": {
      "fore": 0.0,
      "hind": 0.0
    }
  },
  "source": {
    "computed_at_utc": "2026-02-13T20:26:06+00:00",
    "exp_data_csv": "/Users/jean/Code/dragonfly-flight-control/data/kinematics/wang2007/exp_data.csv"
  }
}
